{"cameraMode":{"drawMode":0,"name":"Shaded","section":"Shading Mode"},"sceneLighting":true,"audioPlay":false,"sceneViewState":{"showFog":true,"showMaterialUpdate":false,"showSkybox":true,"showFlares":true,"showImageEffects":true,"showParticleSystems":true},"in2DMode":false,"pivot":{"x":-3.424549102783203,"y":3.4398555755615236,"z":4.259450912475586},"rotation":{"x":0.009320605546236039,"y":-0.04616960883140564,"z":0.000037989117117831483,"w":0.9990221858024597},"size":19.426544189453126,"orthographic":false}