{"cameraMode":{"drawMode":0,"name":"Shaded","section":"Shading Mode"},"sceneLighting":false,"audioPlay":false,"sceneViewState":{"showFog":true,"showMaterialUpdate":false,"showSkybox":false,"showFlares":true,"showImageEffects":true,"showParticleSystems":true},"in2DMode":false,"pivot":{"x":-2.796205997467041,"y":14.480422019958496,"z":0.1796388030052185},"rotation":{"x":-0.0018095034174621106,"y":0.008096656762063504,"z":-0.000013524027963285334,"w":-0.9999699592590332},"size":2.296978235244751,"orthographic":false}