{"cameraMode":{"drawMode":0,"name":"Shaded","section":"Shading Mode"},"sceneLighting":true,"audioPlay":false,"sceneViewState":{"showFog":true,"showMaterialUpdate":false,"showSkybox":true,"showFlares":true,"showImageEffects":true,"showParticleSystems":true},"in2DMode":false,"pivot":{"x":-176.13385009765626,"y":-77.76670837402344,"z":-4884.7109375},"rotation":{"x":0.17136263847351075,"y":0.00827882532030344,"z":-0.0014397386694326997,"w":0.9851809740066528},"size":27.42449951171875,"orthographic":true}