{"cameraMode":{"drawMode":0,"name":"Shaded","section":"Shading Mode"},"sceneLighting":true,"audioPlay":false,"sceneViewState":{"showFog":true,"showMaterialUpdate":false,"showSkybox":true,"showFlares":true,"showImageEffects":true,"showParticleSystems":true},"in2DMode":false,"pivot":{"x":-0.4511384963989258,"y":0.9921761751174927,"z":6.313054084777832},"rotation":{"x":-0.009310940280556679,"y":-0.0009072842076420784,"z":0.000009382088137499522,"w":-0.9999998807907105},"size":17.80198860168457,"orthographic":false}